
INSERT INTO product (product_id, product_code, product_name, is_active, created_by, created_at, updated_by, updated_at) VALUES
    (1, 'P001', 'Pencil', TRUE, 'SYSTEM', '2023-01-01 00:00:00.000', 'SYSTEM', '2023-01-01 00:00:00.000'),
    (2, 'P002', 'Pen', TRUE, 'SYSTEM', '2023-01-01 00:00:00.000', 'SYSTEM', '2023-01-01 00:00:00.000'),
    (3, 'P003', 'Rubber', TRUE, 'SYSTEM', '2023-01-01 00:00:00.000', 'SYSTEM', '2023-01-01 00:00:00.000'),
    (4, 'P004', 'Ruler', TRUE, 'SYSTEM', '2023-01-01 00:00:00.000', 'SYSTEM', '2023-01-01 00:00:00.000'),
    (5, 'P005', 'Book', FALSE, 'SYSTEM', '2023-01-01 00:00:00.000', 'SYSTEM', '2023-01-01 00:00:00.000');

INSERT INTO stock_card (stock_card_id, transaction_date, product_id, balance_qty, last_purchase_price, created_by, created_at, updated_by, updated_at) VALUES
    (1, '2023-01-01', 1, 0, 0.0000, 'SYSTEM', '2023-01-01 00:00:00.000', 'SYSTEM', '2023-01-01 00:00:00.000'),
    (2, '2023-01-01', 2, 0, 0.0000, 'SYSTEM', '2023-01-01 00:00:00.000', 'SYSTEM', '2023-01-01 00:00:00.000'),
    (3, '2023-01-01', 3, 0, 18.0000, 'SYSTEM', '2023-01-01 00:00:00.000', 'SYSTEM', '2023-01-01 00:00:00.000'),
    (5, '2023-01-10', 1, 5, 10.0000, 'SYSTEM', '2023-01-01 00:00:00.000', 'SYSTEM', '2023-01-01 00:00:00.000'),
    (6, '2023-01-09', 2, 10, 15.0000, 'SYSTEM', '2023-01-01 00:00:00.000', 'SYSTEM', '2023-01-01 00:00:00.000'),
    (7, '2023-01-10', 2, 8, 15.0000, 'SYSTEM', '2023-01-01 00:00:00.000', 'SYSTEM', '2023-01-01 00:00:00.000'),
    (8, '2023-01-31', 1, 15, 12.0000, 'SYSTEM', '2023-01-01 00:00:00.000', 'SYSTEM', '2023-01-01 00:00:00.000'),
    (9, '2023-02-15', 1, 30, 11.0000, 'SYSTEM', '2023-01-01 00:00:00.000', 'SYSTEM', '2023-01-01 00:00:00.000'),
    (10, '2023-01-29', 2, 18, 15.5000, 'SYSTEM', '2023-01-01 00:00:00.000', 'SYSTEM', '2023-01-01 00:00:00.000'),
    (11, '2023-02-15', 2, 20, 15.6000, 'SYSTEM', '2023-01-01 00:00:00.000', 'SYSTEM', '2023-01-01 00:00:00.000'),
    (12, '2023-02-01', 3, 20, 20.0000, 'SYSTEM', '2023-01-01 00:00:00.000', 'SYSTEM', '2023-01-01 00:00:00.000'),
    (13, '2023-02-15', 3, 21, 21.0000, 'SYSTEM', '2023-01-01 00:00:00.000', 'SYSTEM', '2023-01-01 00:00:00.000');

INSERT INTO normal_selling_price (nsp_id, product_id, start_date, selling_price, created_by, created_at, updated_by, updated_at) VALUES
    (1, 1, '2023-01-01', 22.0000, 'SYSTEM', '2023-01-01 00:00:00.000', 'SYSTEM', '2023-01-01 00:00:00.000'),
    (2, 2, '2023-01-01', 36.0000, 'SYSTEM', '2023-01-01 00:00:00.000', 'SYSTEM', '2023-01-01 00:00:00.000'),
    (3, 2, '2023-02-16', 30.0000, 'SYSTEM', '2023-01-01 00:00:00.000', 'SYSTEM', '2023-01-01 00:00:00.000'),
    (4, 2, '2023-02-28', 31.0000, 'SYSTEM', '2023-01-01 00:00:00.000', 'SYSTEM', '2023-01-01 00:00:00.000'),
    (5, 3, '2023-01-01', 36.0000, 'SYSTEM', '2023-01-01 00:00:00.000', 'SYSTEM', '2023-01-01 00:00:00.000'),
    (6, 3, '2023-01-30', 35.0000, 'SYSTEM', '2023-01-01 00:00:00.000', 'SYSTEM', '2023-01-01 00:00:00.000'),
    (7, 4, '2023-01-01', 10.0000, 'SYSTEM', '2023-01-01 00:00:00.000', 'SYSTEM', '2023-01-01 00:00:00.000');

INSERT INTO promotion_selling_price (psp_id, product_id, start_date, end_date, selling_price, created_by, created_at, updated_by, updated_at) VALUES
    (1, 2, '2023-01-01', '2023-01-31', 20.0000, 'SYSTEM', '2023-01-01 00:00:00.000', 'SYSTEM', '2023-01-01 00:00:00.000'),
    (2, 2, '2023-02-01', '2023-02-15', 21.0000, 'SYSTEM', '2023-01-01 00:00:00.000', 'SYSTEM', '2023-01-01 00:00:00.000'),
    (3, 3, '2023-01-28', '2023-02-05', 36.0000, 'SYSTEM', '2023-01-01 00:00:00.000', 'SYSTEM', '2023-01-01 00:00:00.000'),
    (4, 4, '2023-01-01', '2023-01-10', 9.0000, 'SYSTEM', '2023-01-01 00:00:00.000', 'SYSTEM', '2023-01-01 00:00:00.000');